SE-ALMCHH,PSCH23070433,FSCH23070152,MODULE MONOCRYSTALLINE 570W LONGI 35MM,2023-07-31,85
SE-ALMCHH,PSCH23080408,FSCH23080123,INVERTER GROWATT MIC 2.0 KW TL-X C/WIFI,2023-08-25,-7304790
SE-ALMCHH,PSCH23080408,FSCH23080123,PHOTOVOLTAIC CABLE 1*4MM2 RED (M),2023-08-25,-7304790
SE-ALMCHH,PSCH23080408,FSCH23080123,PHOTOVOLTAIC CABLE 1*4MM2 RED (M),2023-08-25,-7304790
SE-ALMCUA,PSCU23080213,FSCU23080045,MODULE HALFCUT L SOLAREVER 550W,2023-08-09,76
SE-ALMCUA,PSCU23080440,FSCU23080091,INVERTER GROWATT MIN 4.2 TL-X C/WIFI,2023-08-15,70
SE-ALMCUA,PSCU23090035,FSCU23090005,INVERTER GROWATT MIN 3.6 KW TL-X C/WIFI,2023-09-04,50
SE-ALMCUA,PSCU23090035,FSCU23090005,MOUNTING SYSTEM (STRUCTURE FOR 1 MODULE),2023-09-04,50
SE-ALMCUA,PSCU23090035,FSCU23090005,RAIL SPLICE KIT WITH GROUNDING PLATE VPA-NR54,2023-09-04,50
SE-ALMCUA,PSCU23090035,FSCU23090005,ADJUSTABLE REAR LEG REINFORCED 15-30째,2023-09-04,50
SE-ALMCUA,PSCU23090035,FSCU23090005,ENHANCED MIDDLE CLAMP 35/30MM,2023-09-04,50
SE-ALMCUA,PSCU23090035,FSCU23090005,GROUNDING CLIP VSD-GP01-54,2023-09-04,50
SE-ALMCUA,PSCU23090035,FSCU23090005,EXPANSION BOLTS (M8X60) KS-EB-806,2023-09-04,50
SE-ALMCUA,PSCU23090035,FSCU23090005,RAIL 2400MM,2023-09-04,50
SE-ALMCUA,PSCU23090035,FSCU23090005,ADJUSTABLE FRONT LEG VPA-AJ02-42,2023-09-04,50
SE-ALMCUA,PSCU23090177,FSCU23090029,INTEGRATED COMBINER BOX (2 STRING),2023-09-07,47
SE-ALMCUA,PSCU23080905,FSCU23090033,INTEGRATED COMBINER BOX (3 STRING),2023-09-07,47
SE-ALMCUA,PSCU23090203,FSCU23090052,MODULE MONOCRYSTALLINE 555W LONGI,2023-09-12,42
SE-ALMCUA,PSCU23090203,FSCU23090052,OTROS SERVICIOS,2023-09-12,42
SE-ALMCUA,PSCU23090203,FSCU23090052,GROUNDING LUG - COOPER VG-GD-LG-42,2023-09-12,42
SE-ALMCUA,PSCU23090203,FSCU23090052,EXPANSION BOLTS (M8X60) KS-EB-806,2023-09-12,42
SE-ALMCUA,PSCU23090203,FSCU23090052,MOUNTING SYSTEM (STRUCTURE FOR 1 MODULE),2023-09-12,42
SE-ALMCUA,PSCU23090203,FSCU23090052,RAIL 4750-4850MM CG-010,2023-09-12,42
SE-ALMCUA,PSCU23090203,FSCU23090052,RAIL SPLICE KIT WITH GROUNDING PLATE VPA-NR54,2023-09-12,42
SE-ALMCUA,PSCU23090203,FSCU23090052,ADJUSTABLE FRONT LEG VPA-AJ02-42,2023-09-12,42
SE-ALMCUA,PSCU23090203,FSCU23090052,ADJUSTABLE REAR LEG REINFORCED 15-30째,2023-09-12,42
SE-ALMCUA,PSCU23090203,FSCU23090052,ENHANCED MIDDLE CLAMP 35/30MM,2023-09-12,42
SE-ALMCUA,PSCU23090203,FSCU23090052,ENHANCED END CLAMP 35/30MM,2023-09-12,42
SE-ALMCUA,PSCU23090203,FSCU23090052,GROUNDING CLIP VSD-GP01-54,2023-09-12,42
SE-ALMCUA,PSCU23090544,FSCU23090114,MODULE HALFCUT L SOLAREVER 550W,2023-09-22,32
SE-ALMCUA,PSCU23100121,FSCU23100031,INVERTER GROWATT MIC 2.0 KW TL-X C/WIFI,2023-10-06,19
SE-ALMCUA,PSCU23100121,FSCU23100031,MODULE HALFCUT L SOLAREVER 550W,2023-10-06,19
SE-ALMGDL,PSGD23070418,FSGD23070129,ENHANCED MIDDLE CLAMP 35/40MM,2023-07-13,15
SE-ALMGDL,PSGD23090849,FSGD23090253,MODULE HALFCUT L SOLAREVER 550W,2023-09-27,26
SE-ALMGDL,PSGD23090849,FSGD23090253,RAIL 2400MM,2023-09-27,26
SE-ALMGDL,PSGD23090849,FSGD23090253,ENHANCED END CLAMP 35/30MM,2023-09-27,26
SE-ALMGDL,PSGD23090849,FSGD23090253,ENHANCED MIDDLE CLAMP 35/30MM,2023-09-27,26
SE-ALMGDL,PSGD23090849,FSGD23090253,ADJUSTABLE FRONT LEG VPA-AJ02-42,2023-09-27,26
SE-ALMGDL,PSGD23100299,FSGD23100082,INVERTER GROWATT MIC 3.0 TL-X CWIFI,2023-10-12,12
SE-ALMIRP,PSIR23080651,FSIR23080160,MODULE MONOCRYSTALLINE 555W LONGI,2023-08-31,54
SE-ALMIRP,PSIR23100044,FSIR23100043,MODULE MONOCRYSTALLINE 570W LONGI 30MM,2023-10-10,14
SE-ALMMER,PSMD23030699,FSMD23030218,INVERTER GROWATT MIN 5.0 KW TLX-C/WIFI,2023-03-31,207
SE-ALMMER,PSMD23060764,FSMD23060265,PAIR OF CONNECTORS MC4 - POSITIVE AND NEGATIVE,2023-06-29,117
SE-ALMMER,PSMD23080725,FSMD23080284,MODULE HALFCUT SOLAREVER 455W,2023-08-31,54
SE-ALMMER,PSMD23080806,FSMD23080293,KIT ESS SOLAREVER,2023-08-31,54
SE-ALMMER,PSMD23080806,FSMD23080293,HYBRID INVERTER SOLAREVER ESS 6KW,2023-08-31,54
SE-ALMMER,PSMD23080806,FSMD23080293,LITHIUM-ION MASTER BATTERY SOLAREVER ESS,2023-08-31,54
SE-ALMMER,PSMD23080818,FSMD23080299,KIT ESS SOLAREVER,2023-08-31,54
SE-ALMMER,PSMD23080818,FSMD23080299,HYBRID INVERTER SOLAREVER ESS 6KW,2023-08-31,54
SE-ALMMER,PSMD23080818,FSMD23080299,LITHIUM-ION MASTER BATTERY SOLAREVER ESS,2023-08-31,54
SE-ALMMER,PSMD23090275,FSMD23090213,KIT-DUO W/MODULES+INVERTER,2023-09-26,28
SE-ALMMER,PSMD23090275,FSMD23090213,MODULE HALFCUT L SOLAREVER 550W,2023-09-26,28
SE-ALMMER,PSMD23090275,FSMD23090213,GROUNDING LUG - COOPER VG-GD-LG-42,2023-09-26,28
SE-ALMMER,PSMD23090275,FSMD23090213,EXPANSION BOLTS (M8X60) KS-EB-806,2023-09-26,28
SE-ALMMER,PSMD23090275,FSMD23090213,INVERTER GROWATT MIN 10.0 KW TL-X C/WIFI,2023-09-26,28
SE-ALMMER,PSMD23090275,FSMD23090213,RAIL 2400MM,2023-09-26,28
SE-ALMMER,PSMD23090275,FSMD23090213,RAIL SPLICE KIT WITH GROUNDING PLATE VPA-NR54,2023-09-26,28
SE-ALMMER,PSMD23090275,FSMD23090213,ADJUSTABLE FRONT LEG VPA-AJ02-42,2023-09-26,28
SE-ALMMER,PSMD23090275,FSMD23090213,ADJUSTABLE REAR LEG REINFORCED 15-30째,2023-09-26,28
SE-ALMMER,PSMD23090275,FSMD23090213,ENHANCED MIDDLE CLAMP 35/30MM,2023-09-26,28
SE-ALMMER,PSMD23090275,FSMD23090213,ENHANCED END CLAMP 35/30MM,2023-09-26,28
SE-ALMMER,PSMD23090275,FSMD23090213,GROUNDING CLIP VSD-GP01-54,2023-09-26,28
SE-ALMMER,PSMD23090613,FSMD23090246,INVERTER GROWATT MIN 10.0 KW TL-X C/WIFI,2023-09-28,26
SE-ALMMER,PSMD23100059,FSMD23100025,MODULE HALFCUT L SOLAREVER 550W,2023-10-04,20
SE-ALMMER,PSMD23100288,FSMD23100115,MODULE MONOCRYSTALLINE 555W LONGI,2023-10-12,12
SE-ALMMER,PSMD23100335,FSMD23100147,MODULE HALFCUT SOLAREVER 455W,2023-10-16,11
SE-ALMMTY,PSMY23060374,FSMY23070081,(MTY) CUSTOMIZED KIT W/MODULES+INVERTER+STRUCTURE,2023-07-11,105
SE-ALMMTY,PSMY23060374,FSMY23070081,GROUNDING CLIP VSD-GP01-54,2023-07-11,105
SE-ALMMTY,PSMY23060374,FSMY23070081,PHOTOVOLTAIC CABLE 1*4MM2 RED (M),2023-07-11,105
SE-ALMMTY,PSMY23060374,FSMY23070081,MODULE MONOCRYSTALLINE 570W LONGI 35MM,2023-07-11,105
SE-ALMMTY,PSMY23060374,FSMY23070081,GROUNDING LUG - COOPER VG-GD-LG-42,2023-07-11,105
SE-ALMMTY,PSMY23060374,FSMY23070081,PAIR OF CONNECTORS MC4 - POSITIVE AND NEGATIVE,2023-07-11,105
SE-ALMMTY,PSMY23060374,FSMY23070081,RAIL SPLICE KIT WITH GROUNDING PLATE VPA-NR54,2023-07-11,105
SE-ALMMTY,PSMY23060374,FSMY23070081,EXPANSION BOLTS (M8X60) KS-EB-806,2023-07-11,105
SE-ALMMTY,PSMY23060374,FSMY23070081,PHOTOVOLTAIC CABLE 1*4MM2 BLACK (M),2023-07-11,105
SE-ALMMTY,PSMY23060374,FSMY23070081,RAIL 2400MM,2023-07-11,105
SE-ALMMTY,PSMY23060374,FSMY23070081,ADJUSTABLE FRONT LEG VPA-AJ02-42,2023-07-11,105
SE-ALMMTY,PSMY23070399,FSMY23070126,MICROINVERSOR HOYMILES HMS-2000 220V,2023-07-18,98
SE-ALMMTY,PSMY23070399,FSMY23070126,AC TRUNK CONNECTOR HOYMILES HMS-2000,2023-07-18,98
SE-ALMMTY,PSMY23090459,FSMY23090132,MODULE MONOCRYSTALLINE 555W LONGI,2023-09-20,34
SE-ALMMTY,PSMY23090620,FSMY23090191,MODULE HALFCUT L SOLAREVER 550W,2023-09-27,27
SE-ALMMTY,PSMY23100263,FSMY23100074,MODULE MONOCRYSTALLINE 555W LONGI,2023-10-12,12
SE-ALMMTY,PSMY23100263,FSMY23100074,PAIR OF CONNECTORS MC4 - POSITIVE AND NEGATIVE,2023-10-12,12
SE-ALMTEC,PSTE23030494,FSTE23030145,MODULE MONOCRYSTALLINE 555W LONGI,2023-03-31,183
SE-ALMTEC,PSTE23090428,FSTE23090125,MODULE MONOCRYSTALLINE 580W LONGI,2023-09-14,13
SE-ALMTEC,PSTE23090871,FSTE23090299,INVERTER GROWATT MAC 60K TL3-MV C/WIFI,2023-09-29,25
SE-ALMTEC,PSTE23090432,FSTE23090341,INVERTER GROWATT MIN 10.0 KW TL-X C/WIFI,2023-09-29,18
SE-ALMTEC,PSTE23100059,FSTE23100011,PHOTOVOLTAIC CABLE 1*6MM2 BLACK,2023-10-03,19
SE-ALMTEC,PSTE23100059,FSTE23100011,PHOTOVOLTAIC CABLE 1*6MM2 RED (M),2023-10-03,19
SE-ALMTIJ,PSTJ23050022,FSTJ23050013,AC TRUNK END CAP HOYMILES HMS-2000,2023-05-11,173
SE-ALMTIJ,PSTJ23070179,FSTJ23070035,RAIL SPLICE KIT WITH GROUNDING PLATE VPA-NR54,2023-07-14,102
SE-ALMTIJ,PSTJ23090158,FSTJ23090036,CUSTOMIZED KIT W/MODULES+INVERTER+STRUCTURE,2023-09-12,42
SE-ALMTIJ,PSTJ23090158,FSTJ23090036,MODULE HALFCUT L SOLAREVER 550W,2023-09-12,42
SE-ALMTIJ,PSTJ23090158,FSTJ23090036,MODULE HALFCUT L SOLAREVER 550W,2023-09-12,42
SE-ALMTIJ,PSTJ23090158,FSTJ23090036,AC TRUNK CONNECTOR HOYMILES HMS-2000,2023-09-12,42
SE-ALMTIJ,PSTJ23090158,FSTJ23090036,AC TRUNK END CAP HOYMILES HMS-2000,2023-09-12,42
SE-ALMTIJ,PSTJ23090158,FSTJ23090036,PAIR OF CONNECTORS MC4 - POSITIVE AND NEGATIVE,2023-09-12,42
SE-ALMTIJ,PSTJ23090158,FSTJ23090036,PHOTOVOLTAIC CABLE 1*4MM2 RED (M),2023-09-12,42
SE-ALMTIJ,PSTJ23090158,FSTJ23090036,RAIL 2400MM,2023-09-12,42
SE-ALMTIJ,PSTJ23090158,FSTJ23090036,ENHANCED MIDDLE CLAMP 35/30MM,2023-09-12,42
SE-ALMTIJ,PSTJ23090158,FSTJ23090036,ENHANCED END CLAMP 35/30MM,2023-09-12,42
SE-ALMTIJ,PSTJ23090158,FSTJ23090036,ADJUSTABLE FRONT LEG VPA-AJ02-42,2023-09-12,42
SE-ALMTIJ,PSTJ23090158,FSTJ23090036,ADJUSTABLE REAR LEG REINFORCED 15-30째,2023-09-12,42
SE-ALMTIJ,PSTJ23090158,FSTJ23090036,GROUNDING CLIP VSD-GP01-54,2023-09-12,42
SE-ALMTIJ,PSTJ23090158,FSTJ23090036,GROUNDING LUG - COOPER VG-GD-LG-42,2023-09-12,42
SE-ALMTIJ,PSTJ23090158,FSTJ23090036,EXPANSION BOLTS (M8X60) KS-EB-806,2023-09-12,42
SE-ALMTIJ,PSTJ23090203,FSTJ23090059,SHINE WIFI-F,2023-09-18,36
SE-ALMTIJ,PSTJ23090203,FSTJ23090059,PAQUETEEXPRESS,2023-09-18,36
SE-ALMVRZ,PSVR23090304,FSVR23090104,ADJUSTABLE FRONT LEG VPA-AJ02-42,2023-09-19,35
SE-ALMVRZ,PSVR23090520,FSVR23090187,MODULE MONOCRYSTALLINE 555W LONGI,2023-09-29,25
SE-ALMVRZ,PSVR23100212,FSVR23100078,PAIR OF CONNECTORS MC4 - POSITIVE AND NEGATIVE,2023-10-12,12
